feature,mi_score,word,chi2_p,purchase_rate
企業概要_tfidf_1,0.04628311163445886,it 業界,5.4533783930434735e-05,0.4897959183673469
企業概要_tfidf_103,0.03223485991041186,先進,0.039126905568888835,0.3153846153846154
企業概要_tfidf_244,0.028109696623242586,支援,2.3464964962967348e-05,0.390625
企業概要_tfidf_380,0.02693288933653548,開発,0.0041559089413934994,0.29523809523809524
